{
    "init population":[100000,100000,100000,100000,100000,100000,100000,100000,100000,100000,100000,100000,100000,100000,100000,100000,100000,100000,100000,100000,100000,100000,100000,100000,100000,100000,100000,100000,100000,100000,100000,100000,100000,100000,100000,100000,100000,100000,100000,100000,100000,100000,100000,100000,100000,100000,100000,100000,100000,100000,100000,100000,100000,100000,100000,100000,100000,100000,100000,100000,100000,100000,100000,100000,100000,100000,100000,100000,100000,100000,100000,100000,100000,100000,100000,100000,100000,100000,100000,100000,100000,100000,100000,100000,100000,100000,100000,100000,100000,100000,100000,100000,100000,100000,100000,100000,100000,100000,100000,100000,100000,100000,100000,100000,100000,100000,100000,100000,100000,100000,100000,100000,100000,100000,100000,100000,100000,100000,100000,100000],
    "init infected":[1000,1000,1000,1000,900,1000,1000,1000,1000,1000,1000,1000,1000,1000,1000,1000,1000,1000,1000,1000,1000,1000,1000,1000,1000,1000,1000,1000,1000,1000,1000,1000,1000,1000,1000,1000,1000,1000,1000,1000,1000,1000,1000,1000,1000,1000,1000,1000,1000,1000,1000,1000,1000,1000,1000,1000,1000,1000,1000,1000,1000,1000,1000,1000,1000,1000,1000,1000,1000,1000,1000,1000,1000,1000,1000,1000,1000,1000,1000,1000,1000,1000,1000,1000,1000,1000,1000,1000,1000,1000,1000,1000,1000,1000,1000,1000,1000,1000,1000,1000,1000,1000,1000,1000,1000,1000,1000,1000,1000,1000,1000,1000,1000,1000,1000,1000,1000,1000,1000,1000],
    "inbound infections":[6,6,6,6,6,7,7,7,7,7,7,7,7,7,7,7,7,7,7,7,6,6,6,6,6,6,5,5,5,4,4,4,4,3,3,3,1,1,1,0,0,0,0,0,0,0,0,0,0,0,0,0,0,0,0,0,0,0,0,0,0,0,0,0,0,0,0,0,0,0,0,0,0,0,0,0,0,0,0,0,0,0,0,0,0,0,0,0,0,0,0,0,0,0,0,0,0,0,0,0,0,0,0,0,0,0,0,0,0,0,0,0,0,0,0,0,0,0,0,0],
    "infections per day data":[253.5,297.8135408,349.4508677,409.4887951,479.1113575,560.5998903,653.5475455,760.1515787,881.8022985,1019.800218,1175.249673,1348.919682,1541.070222,1751.246283,1978.048617,2218.899401,2469.832528,2725.350499,2978.3998,1891.407869,1620.289334,1556.973524,1486.912526,1353.630121,1272.45833,1134.148316,1072.375233,1012.244836,952.6259259,893.1419544,809.9344457,757.3531304,706.3993572,656.6595603,609.7098651,545.6647149,510.6495949,478.9919733,440.724439,410.457885,382.8937694,356.8229022,332.189299,301.4764239,280.0257187,259.7004067,240.7115832,217.0213652,200.7900764,185.5729595,166.6384292,155.8671117,145.7481145,136.2438333,128.9531749,122.062175,115.548,121.9363855,163.3856578,623.9042564,654.0486208,680.6391119,706.7340594,732.1348288,756.6361632,780.029256,802.105215,822.6588423,841.4926304,858.6784571,873.2958511,885.6564486,895.6368738,903.1407219,908.1008713,910.4810514,910.2765969,907.5143552,902.251754,894.5750738,884.5970076,872.4536175,858.300823,842.3105684,824.6668212,805.5615497,785.1908173,763.7511096,741.4359934,718.4331762,694.9220145,671.0714919,647.0386682,622.9675823,598.9885756,575.2179941,551.7582209,528.697984,506.1128894,484.0661263,462.6092986,441.7833396,421.6194736,402.1401927,383.360224,365.2874672,347.9238873,331.2663518,315.3074058,300.0359805,285.4380341,271.4971261,257.9883698,245.1389253,232.877692,221.2299424,210.2968125,199.8964391,189.6253532,179.4917877]
 }