{
    "init population":[100000,100000,100000,100000,100000,100000,100000,100000,100000,100000,100000,100000,100000,100000,100000,100000,100000,100000,100000,100000,100000,100000,100000,100000,100000,100000,100000,100000,100000,100000,100000,100000,100000,100000,100000,100000,100000,100000,100000,100000,100000,100000,100000,100000,100000,100000,100000,100000,100000,100000,100000,100000,100000,100000,100000,100000,100000,100000,100000,100000,100000,100000,100000,100000,100000,100000,100000,100000,100000,100000,100000,100000,100000,100000,100000,100000,100000,100000,100000,100000,100000,100000,100000,100000,100000,100000,100000,100000,100000,100000,100000,100000,100000,100000,100000,100000,100000,100000,100000,100000,100000,100000,100000,100000,100000,100000,100000,100000,100000,100000,100000,100000,100000,100000,100000,100000,100000,100000,100000,100000],
    "init infected":[1000,1000,1000,1000,900,1000,1000,1000,1000,1000,1000,1000,1000,1000,1000,1000,1000,1000,1000,1000,1000,1000,1000,1000,1000,1000,1000,1000,1000,1000,1000,1000,1000,1000,1000,1000,1000,1000,1000,1000,1000,1000,1000,1000,1000,1000,1000,1000,1000,1000,1000,1000,1000,1000,1000,1000,1000,1000,1000,1000,1000,1000,1000,1000,1000,1000,1000,1000,1000,1000,1000,1000,1000,1000,1000,1000,1000,1000,1000,1000,1000,1000,1000,1000,1000,1000,1000,1000,1000,1000,1000,1000,1000,1000,1000,1000,1000,1000,1000,1000,1000,1000,1000,1000,1000,1000,1000,1000,1000,1000,1000,1000,1000,1000,1000,1000,1000,1000,1000,1000],
    "inbound infections":[6,6,6,6,6,7,7,7,7,7,7,7,7,7,7,7,7,7,7,7,6,6,6,6,6,6,5,5,5,4,4,4,4,3,3,3,1,1,1,0,0,0,0,0,0,0,0,0,0,0,0,0,0,0,0,0,0,0,0,0,0,0,0,0,0,0,0,0,0,0,0,0,0,0,0,0,0,0,0,0,0,0,0,0,0,0,0,0,0,0,0,0,0,0,0,0,0,0,0,0,0,0,0,0,0,0,0,0,0,0,0,0,0,0,0,0,0,0,0,0],
    "infections per day data":[
        56.86125,
        56.0915509,
        68.46932948,
        69.83051396,
        71.28199845,
        73.80511015,
        76.99037032,
        79.41496817,
        83.98709509,
        88.42012848,
        96.82095984,
        101.9248399,
        107.4993394,
        146.4135162,
        159.3566834,
        178.793998,
        194.7462537,
        216.7619289,
        234.4662252,
        255.2997444,
        273.7130803,
        294.251571,
        316.1060381,
        339.329325,
        356.8409256,
        366.2407191,
        379.0834801,
        391.5584442,
        402.6893274,
        378.2022226,
        347.874326,
        315.9650223,
        274.0782693,
        264.7968687,
        247.3199743,
        235.5326147,
        206.2807183,
        199.5195531,
        192.8138978,
        185.0242853,
        181.3459647,
        179.9877157,
        178.7912325,
        179.8570077,
        178.1294864,
        177.8705258,
        176.4012255,
        176.2851241,
        175.5992951,
        175.0580484,
        174.5318999,
        185.7822113,
        268.7265135,
        305.2932004,
        346.5251549,
        410.3943942,
        494.2788888,
        549.5903883,
        612.5826241,
        728.2952912,
        809.916688,
        900.961966,
        1019.975354,
        1132.541354,
        1255.796658,
        1408.352053,
        1540.349941,
        1680.809006,
        1820.209941,
        1960.038288,
        2101.052352,
        2230.510866,
        2350.664533,
        2426.15706,
        2492.558346,
        2537.863625,
        2016.827309,
        1881.069812,
        1716.249554,
        1461.161481,
        1238.488132,
        1171.345257,
        1026.098117,
        911.0461196,
        828.7207521,
        781.3393619,
        735.9944084,
        693.0598487,
        614.8088369,
        584.1722724,
        555.0592372,
        527.4016545,
        501.1328325,
        467.4674097,
        441.3185027,
        413.8781433,
        393.0225199,
        373.2497972,
        354.5033348,
        324.0323091,
        305.5645977,
        288.0342693,
        266.1041128,
        252.4416417,
        239.5092423,
        222.6684867,
        206.7851884,
        196.0883223,
        185.9664144,
        173.9068711,
        160.1554512,
        148.4027797,
        134.1715195,
        126.4260947,
        119.1267106,
        112.2471857,
        105.2538602,
        99.64174274,
        94.33715721,
        91.48261702
        ]
 }